date,DJIA,AAPL,AXP,BA,CAT,CSCO,CVX,DIS,GS,HD,IBM,INTC,JNJ,JPM,KO,MCD,MMM,MRK,MSFT,NKE,PFE,PG,TRV,UNH,UTX,V,VZ,WBA,WMT,XOM
1/31/14,-0.034388785,-0.065573835,-0.022646218,-0.10973718,0.05845075,-0.012618358,-0.063899401,-0.00900774,-0.066863617,-0.050882965,-0.040616663,-0.037647145,-0.063809735,-0.040554758,-0.04325806,-0.006959694,-0.048188354,-0.002823844,0.081761103,-0.030991892,-0.004584155,-0.035131644,-0.058605109,-0.022450783,0.010815681,-0.015851985,0.021050346,-0.0473422,-0.036262505,-0.064840167
2/28/14,0.039675541,0.057510622,0.073629887,0.035024237,0.032584472,-0.005020471,0.042322318,0.112932093,0.017620178,0.067403932,0.053798323,0.018586358,0.048749333,0.026372916,0.010047683,0.019014381,0.057923687,0.075892155,0.020012533,0.081430551,0.065057789,0.026625366,0.0314957,0.069037106,0.031699988,0.056388428,-0.009162741,0.196238044,0.00026796,0.051994583
3/31/14,0.008329409,0.01995296,-0.013694343,-0.026605661,0.024750048,0.028440137,0.031041196,-0.009157229,-0.015619965,-0.029803839,0.039531624,0.042406863,0.066326725,0.06846181,0.020060237,0.030268078,0.006902993,0.003915149,0.069956004,-0.056705174,0.000311434,0.024663066,0.02108003,0.064918086,-0.001538379,-0.044613699,-0.00021019,-0.028256044,0.029760237,0.014646411
4/30/14,0.007484642,0.099396267,-0.026422891,0.028129733,0.066927706,0.039586408,0.055588404,-0.009116889,-0.024595786,0.004801887,0.020676304,0.034095591,0.031151327,-0.072099571,0.055095732,0.034173005,0.025283621,0.031530576,-0.01439402,-0.012320569,-0.026151908,0.032370914,0.064394835,-0.084766334,0.012752939,-0.061382303,-0.006718035,0.028320455,0.042914724,0.048423571
5/30/14,0.008222146,0.07870922,0.046551528,0.054169283,-0.030075869,0.065339555,-0.013399058,0.058860445,0.003348303,0.009055829,-0.056174526,0.032399885,0.008659455,-0.007324093,0.002942043,0.008557748,0.031163088,-0.011953546,0.020515129,0.06096096,-0.044306223,-0.021320368,0.031684492,0.061167274,-0.012927107,0.068373817,0.069120645,0.064003323,-0.030920818,-0.011693065
6/30/14,0.006545946,0.027662002,0.036830485,-0.059297592,0.062995121,0.009342173,0.063197362,0.020592799,0.047744531,0.014999638,-0.016760759,0.131039495,0.031145328,0.036890297,0.043230706,-0.006802697,0.004840422,0.007363898,0.018564027,0.00832138,0.001687468,-0.027231261,0.012498733,0.03144761,-0.006625505,-0.01917773,-0.020616643,0.030871704,-0.022143807,0.001492157
7/31/14,-0.015647774,0.028731373,-0.069857603,-0.053053681,-0.067018739,0.023041864,-0.010034574,0.001632853,0.032429474,-0.00135889,0.057372852,0.09676368,-0.043299474,0.007864566,-0.072474045,-0.061346056,-0.016406013,-0.019187604,0.035012162,-0.005415713,-0.024487339,-0.008305376,-0.047943306,-0.008562334,-0.08921598,0.001423496,0.041547633,-0.072305279,-0.019848304,-0.017282593
8/29/14,0.032309287,0.07750875,0.017613564,0.058830654,0.08258077,-0.009512327,0.010138076,0.046576455,0.039309891,0.156462765,0.009220366,0.037246517,0.043377272,0.030865334,0.061848006,0.008347956,0.028167828,0.059393948,0.059168974,0.030856983,0.024041506,0.074884068,0.057503262,0.069463202,0.032721809,0.014877513,-0.011900103,-0.115146761,0.032853678,0.012258769
9/30/14,-0.003248764,-0.017073174,-0.022445702,0.004574064,-0.092051044,0.014879022,-0.078253951,-0.009457009,0.024900709,-0.013866645,-0.012844458,-0.002863711,0.027571354,0.013288583,0.029980411,0.011630006,-0.016110869,-0.00661434,0.020471069,0.135582515,0.006124532,0.007580127,-0.002305354,-0.000729438,-0.022041585,0.003999608,0.003412452,-0.020654124,0.012847968,-0.054393892
10/31/14,0.020396713,0.071960008,0.030591417,-0.019390677,0.031833882,-0.027810988,0.005279945,0.026395781,0.034972959,0.063004416,-0.133961908,-0.023262376,0.011164198,0.010748087,-0.018284338,-0.011390845,0.085333302,-0.022604633,0.012726418,0.042264551,0.012850917,0.050142289,0.073025293,0.101565253,0.013258161,0.131508557,0.016454076,0.08351597,-0.002615369,0.028282862
11/28/14,0.025170076,0.105978819,0.027459466,0.081930689,-0.007987349,0.129546381,-0.083954703,0.012365916,-0.00514979,0.019278011,-0.00681298,0.102447714,0.010902171,-0.00529094,0.077838939,0.041991173,0.046688383,0.042457741,0.024740323,0.067978635,0.04907471,0.036209596,0.036210381,0.038101103,0.034422315,0.077705444,0.006766193,0.07374036,0.147764408,-0.057039841
12/31/14,-0.000289985,-0.071890899,0.006708747,-0.032598991,-0.0901589,0.0065125,0.03040309,0.031101057,0.028767,0.061079678,-0.010667933,-0.02577185,-0.03399552,0.040226114,-0.058220133,-0.032124974,0.026422515,-0.052660964,-0.02844626,-0.026039446,0,0.007298282,0.018729505,0.028806319,0.044694693,0.015531158,-0.075311471,0.110624842,-0.013481941,0.021095763
1/30/15,-0.036925237,0.06142421,-0.130186988,0.118402943,-0.119133482,-0.045602603,-0.086022487,-0.034292505,-0.110509165,-0.005239426,-0.044440485,-0.089556568,-0.042363912,-0.125442173,-0.024870195,-0.013447169,-0.012293144,0.061454604,-0.130247361,-0.040561615,0.003210109,-0.068073881,-0.028625179,0.051043779,-0.001912901,-0.027803103,-0.011313216,-0.032152222,-0.010479684,-0.054407956
2/27/15,0.056379427,0.100776509,0.011153587,0.04411503,0.036638948,0.119074525,0.050698318,0.144239179,0.104261902,0.098927291,0.063701146,0.013574408,0.030832668,0.126884612,0.0517374,0.07918107,0.045588182,-0.02886519,0.093120306,0.05891621,0.10792852,0.009965305,0.044932918,0.069458811,0.06784257,0.072117258,0.08182038,0.131290731,-0.01235581,0.020435275
3/31/15,-0.01966503,-0.031371719,-0.039329325,-0.005104358,-0.034620115,-0.059956304,-0.015935471,0.007782528,-0.009589396,-0.004840229,-0.008892336,-0.05954888,-0.018632377,-0.011422981,-0.055739961,-0.014762395,-0.02193899,-0.010161742,-0.072748079,0.03305165,0.013694571,-0.037471905,0.01159254,0.044493213,-0.038634985,-0.03564175,-0.016582336,0.019258465,-0.014130836,-0.039981877
4/30/15,0.00362286,0.005786484,-0.008576677,-0.04490953,0.094589913,0.047221404,0.057915627,0.036514358,0.044953924,-0.058357408,0.067227419,0.040933913,-0.013916588,0.051179801,0.000246722,-0.009133876,-0.051894492,0.036186523,0.196261766,-0.014850991,-0.024720065,-0.021852139,-0.064921594,-0.058246755,-0.029437172,0.009784457,0.048928801,-0.020666086,-0.051063511,0.027882357
5/29/15,0.009537848,0.045339162,0.029309307,-0.013391027,-0.017955614,0.016649061,-0.063331851,0.01517665,0.053014373,0.041503001,0.005608546,0.066334167,0.016837177,0.03983578,0.00986201,0.002213062,0.023632885,0.022330392,-0.030334187,0.034264119,0.032641941,-0.014086111,9.90E-05,0.07908427,0.035714203,0.041638109,-0.019825437,0.039157151,-0.042425453,-0.016771432
6/30/15,-0.021718776,-0.037227582,-0.021440261,-0.012809594,-0.005860101,-0.063118242,-0.06339819,0.034157877,0.01260981,0.002695065,-0.041202404,-0.117237145,-0.026762472,0.030100363,-0.03433501,-0.008965091,-0.030047701,-0.057923693,-0.057831834,0.062456949,-0.035108118,-0.001913547,-0.038198197,0.019189285,-0.053255992,-0.022277409,-0.05724122,-0.016309448,-0.044970925,-0.023474352
7/31/15,0.003992711,-0.032926763,-0.021358481,0.039287627,-0.064418443,0.042935978,-0.082823441,0.057454966,-0.017816967,0.053090766,-0.004118862,-0.04832358,0.028216602,0.017973667,0.04715776,0.050384185,-0.019183601,0.035657929,0.057757643,0.066654523,0.075454996,-0.011656903,0.097868759,-0.004918055,-0.095735957,0.12196586,0.015684758,0.144362886,0.014803612,-0.047956242
8/31/15,-0.065677745,-0.066196072,0.008677224,-0.087786857,-0.027851643,-0.089373791,-0.073118606,-0.150999955,-0.07714387,-0.004870562,-0.079463729,-0.005972604,-0.054995116,-0.064643121,-0.042843051,-0.040085007,-0.054254036,-0.08666896,-0.061949129,-0.03011631,-0.099506727,-0.078618236,-0.061911126,-0.046952332,-0.080765157,-0.052072992,-0.016670319,-0.100800563,-0.094581946,-0.041232646
9/30/15,-0.014722209,-0.021816316,-0.033759324,0.002066069,-0.144950349,0.014296732,-0.026052488,0.003140972,-0.07868512,-0.003279586,-0.019744354,0.056061709,-0.006703532,-0.04883006,0.029185438,0.036939745,-0.002603064,-0.074926528,0.017003838,0.105997568,-0.025139659,0.017971034,0.006076784,0.00701681,-0.028599345,-0.023001363,-0.054335953,-0.039861341,0.001699276,-0.01182869
10/30/15,0.084670817,0.083408982,-0.007995471,0.130737243,0.129218506,0.107910822,0.152129784,0.112915898,0.079074785,0.070568939,-0.033731187,0.123423972,0.082270945,0.061400576,0.055583539,0.139246919,0.108909128,0.106701861,0.189335576,0.065544245,0.076727174,0.071258933,0.134230839,0.015257159,0.105854462,0.113695049,0.091449623,0.019013069,-0.117211537,0.112844535
11/30/15,0.003191934,-0.005804396,-0.022112889,-0.011620964,-0.004658333,-0.055459046,0.017113941,-0.002373749,0.016910312,0.082821081,0.004624446,0.03410867,0.009465751,0.037821008,0.014093396,0.024989807,0.002536689,-0.030186768,0.039444311,0.009539888,-0.02322578,-0.020162346,0.014881826,-0.043046294,-0.017673008,0.020262813,-0.030503506,-0.003290671,0.02795246,-0.00444906
12/31/15,-0.016641758,-0.11022837,-0.029173926,-0.00591281,-0.064556291,-0.00330291,-0.01489291,-0.068004115,-0.051520949,-0.007802368,-0.01291051,-0.009203066,0.014618644,-0.009747968,0.007977456,0.034863113,-0.037936149,0.005026694,0.020791145,-0.050442367,-0.014952744,0.061063792,-0.009606836,0.04824875,0.000208183,-0.018478559,0.016941764,0.013447807,0.050534533,-0.045432467
1/29/16,-0.055020195,-0.075242188,-0.227402379,-0.169168034,-0.060618929,-0.117254089,-0.038794994,-0.088123246,-0.103589733,-0.049073656,-0.093227791,-0.099564543,0.016744666,-0.092849455,-0.000931063,0.047740063,0.002389895,-0.040704271,-0.00702968,-0.007840068,-0.055452235,0.037676669,-0.051568236,-0.021081256,-0.087227945,-0.039458507,0.094431648,-0.063879785,0.082544979,-0.001282865
2/29/16,0.003048603,-0.001287514,0.038878499,-0.007128805,0.087725011,0.100462202,-0.022801551,-0.003130981,-0.070440218,-0.013040808,0.060729269,-0.037703505,0.014672901,-0.053781642,0.004892819,-0.046067103,0.046380198,-0.009078366,-0.069789067,-0.006772912,-0.017110707,-0.017137992,0.004484343,0.034213121,0.110050832,-0.024275144,0.015209028,-0.005137774,-0.000301498,0.038888447
3/31/16,0.070752874,0.127210624,0.104713873,0.074124175,0.130576133,0.087471323,0.143336296,0.039677681,0.049822658,0.080919164,0.155842508,0.093274654,0.028419446,0.051864969,0.083973538,0.07244638,0.062217293,0.062993061,0.085495048,0.000624619,-0.001011402,0.025158769,0.091502719,0.086750362,0.036017374,0.056499748,0.066035993,0.067139498,0.040051703,0.042919636
4/29/16,0.005007087,-0.139921212,0.070794349,0.061919068,0.025317289,-0.025591631,0.071069303,0.039774359,0.045420062,0.003447535,-0.036381954,-0.063987469,0.035859619,0.07510837,-0.034274694,0.006444877,0.004500751,0.036477086,-0.097048685,-0.041158411,0.103576318,-0.018638862,-0.058349581,0.021566973,0.042657455,0.00993691,-0.048119223,-0.05887918,-0.02365294,0.057542788
5/31/16,0.000762848,0.071773117,0.00504363,-0.056535592,-0.067035531,0.056747777,-0.001099325,-0.039124514,-0.024229378,-0.008109936,0.073819644,0.052274292,0.012621167,0.032753048,-0.004464338,-0.035022569,0.012312204,0.025893661,0.070196874,-0.06311492,0.070337944,0.011482663,0.038580464,0.01511254,-0.02991429,0.023819296,-0.00078545,-0.019222038,0.066221503,0.015476588
6/30/16,0.00802774,-0.042659887,-0.071383141,0.029488702,0.045511267,-0.012392352,0.03792072,-0.014110096,-0.068347414,-0.0335301,-0.012748935,0.038303335,0.076404094,-0.04795469,0.024161987,-0.006844575,0.040399067,0.032354947,-0.034528517,0.002558189,0.014697299,0.044792595,0.049064061,0.061142952,0.019586274,-0.060425871,0.097053203,0.075839773,0.031647098,0.053022066
7/29/16,0.028011727,0.090062905,0.060895354,0.029183015,0.102193047,0.073828267,-0.022417183,-0.011991501,0.068852072,0.082622091,0.058242302,0.062804843,0.032398957,0.037463642,-0.037502782,-0.022353302,0.018501483,0.018225841,0.107680211,0.005434725,0.047713558,0.018781202,-0.023689738,0.014164239,0.049731779,0.052312431,0.002317267,-0.048276566,-0.000684601,-0.0510988
8/31/16,-0.001701333,0.023651954,0.01737502,-0.023471854,-0.009787422,0.029806834,-0.008198783,-0.015528804,0.071233826,-0.024827974,-0.002290028,0.037350837,-0.040676117,0.055182165,-0.004583791,-0.009274221,0.011195756,0.070405768,0.020080052,0.038558547,-0.048813099,0.020095781,0.021425113,-0.049929799,-0.005318985,0.038314085,-0.055585707,0.023056068,-0.014265468,-0.011994508
9/30/16,-0.005039458,0.065504235,-0.023482536,0.017690233,0.083221561,0.008905875,0.023265019,-0.016938425,-0.048329979,-0.040560886,-0.000188519,0.05182492,-0.010138822,-0.013481701,-0.017597392,-0.002593957,-0.01679318,0.001236644,0.002436467,-0.081518847,-0.026724327,0.027946552,-0.02959299,0.033785011,-0.045381978,0.022249544,-0.006688318,-0.001115097,0.009518372,0.001606662
10/31/16,-0.009052278,0.00433421,0.042383378,0.081144688,-0.051518303,-0.024793598,0.017780766,-0.001830822,0.105227438,-0.051833967,-0.032483627,-0.076291425,-0.018115778,0.047657083,0.001890405,-0.024185129,-0.06202117,-0.059125136,0.040277676,-0.046913539,-0.063773186,-0.025407995,-0.055608975,0.009500074,0.005905452,-0.002297374,-0.064100063,0.026172231,-0.029118114,-0.045371591
11/30/16,0.054080997,-0.021600843,0.08461313,0.073426603,0.144979449,-0.028031233,0.075673814,0.06937127,0.234120789,0.06620023,0.065077001,0.002659197,-0.033803519,0.157522282,-0.040303807,0.067757701,0.045620559,0.042064028,0.012468203,-0.002192089,0.023669071,-0.04999994,0.047790517,0.124675599,0.060511968,-0.060929449,0.037422041,0.028894078,0.00585545,0.057045717
12/30/16,0.033415267,0.047955121,0.028317547,0.034005965,-0.029510065,0.013413647,0.055037723,0.059556049,0.091933285,0.036167112,0.023240003,0.045245141,0.035130135,0.076338012,0.027509155,0.020541573,0.039769665,-0.030532252,0.031198061,0.018841467,0.010578845,0.019646038,0.086247152,0.010863933,0.017638299,0.009053344,0.069739521,-0.023250339,-0.011575904,0.033905996
1/31/17,0.00513547,0.047746463,0.035444886,0.049717575,0.040044612,0.025274208,-0.053950667,0.061696283,-0.042305508,0.026103579,0.051388545,0.015164062,-0.017012346,-0.013810873,0.002653306,0.006983157,-0.021000333,0.052998263,0.040392662,0.040723904,-0.023091263,0.05011566,-0.037902179,0.012872009,0.000456109,0.060112575,-0.07205834,-0.009908212,-0.034433112,-0.070573961
2/28/17,0.047731882,0.133778129,0.048180084,0.112350293,0.010453605,0.112630121,0.019998578,-0.005061028,0.084547274,0.05327851,0.038516198,-0.009820119,0.086257442,0.070778964,0.009381789,0.049111305,0.072895561,0.062590629,-0.004363744,0.080529318,0.08627832,0.039611779,0.037867184,0.0202344,0.032367734,0.065257128,0.012650529,0.058952489,0.062781126,-0.021771053
3/31/17,-0.007160187,0.048689528,-0.01186594,-0.018698078,-0.040347636,-0.011117516,-0.0456001,0.029975563,-0.073933609,0.019415778,-0.031587374,-0.003591168,0.019147367,-0.030677746,0.020366667,0.015354501,0.026723729,-0.028411584,0.02938421,-0.021979536,0.002637706,-0.013396257,-0.008468072,-0.004587377,-0.003020852,0.010575249,-0.017731473,-0.038550461,0.023685345,0.008484834
4/28/17,0.01341945,-6.97E-05,0.005882548,0.045063806,0.111571933,0.016769005,-0.006240168,0.019490183,-0.025770426,0.063134275,-0.079533701,0.002217995,-0.008671173,0.001865242,0.016729569,0.079623464,0.023519591,-0.019043028,0.039477749,-0.005742022,-0.008477002,-0.020608522,0.009291608,0.066276275,0.06042245,0.026443137,-0.047029344,0.042022878,0.043007758,-0.004389729
5/31/17,0.00325401,0.067807328,-0.029148068,0.02292042,0.030999411,-0.074552394,-0.020312486,-0.066262923,-0.052854406,-0.010908902,-0.038486116,0.006324594,0.045602058,-0.055747073,0.053766123,0.078324702,0.050356096,0.044601351,0.026005051,-0.043674414,-0.028124079,0.008702508,0.026220551,0.001715436,0.024816693,0.045812235,0.01590075,-0.059634895,0.05248731,-0.004774254
6/30/17,0.016230479,-0.057213894,0.09487895,0.05393593,0.01925443,-0.007294757,0.00821404,-0.015656844,0.050364639,-0.000716577,0.007861953,-0.065632813,0.031500903,0.112599057,-0.005518254,0.021407414,0.018193276,-0.008428211,-0.013029727,0.117212674,0.028790271,-0.01067066,0.019373835,0.062825277,0.006843725,-0.015226498,-0.042453047,-0.033448669,-0.037150223,0.002857126
7/31/17,0.025362887,0.032703759,0.015571061,0.226093642,0.068048834,0.014179993,0.046583063,0.042332064,0.015457351,-0.024771715,-0.059546257,0.051274496,0.003250428,0.009900901,0.022073734,0.012927591,-0.03371922,-0.003276556,0.054693165,0.000847423,-0.01280153,0.050282141,0.012328962,0.034462315,-0.028990163,0.06163371,0.097944699,0.030136681,0.05695035,-0.008546957
8/31/17,0.002602903,0.10699934,0.010207624,-0.005652904,0.031066239,0.024165366,-0.004475759,-0.079414115,-0.003665147,0.007729061,-0.000890294,-0.003854967,0.003707254,-0.009912816,-0.006326399,0.037250763,0.021500297,-0.00031308,0.033952898,-0.102599929,0.032910995,0.015965573,-0.053946517,0.036963764,0.015831036,0.041449112,-0.008884353,0.01529482,-0.017863883,-0.037108229
9/29/17,0.020821403,-0.060243937,0.05063863,0.060711061,0.061452084,0.044085776,0.091804603,-0.025988151,0.060114378,0.091345738,0.014332738,0.085828458,-0.017828807,0.05083054,-0.003992407,-0.020566544,0.027309965,0.009914159,-0.003744935,-0.018178366,0.052476431,-0.013980582,0.017279355,-0.011597646,-0.030404243,0.016615385,0.031686563,-0.052515231,0.000896649,0.074020672
10/31/17,0.043389712,0.096807705,0.060013018,0.014830406,0.095421203,0.024237191,-0.013702264,-0.007710272,0.022302754,0.013572853,0.061896782,0.194590237,0.072302277,0.059555333,0.021550686,0.065292286,0.09666509,-0.139621861,0.116659967,0.060559343,-0.017927075,-0.043893227,0.081048169,0.073372508,0.031702096,0.045039888,-0.021129768,-0.141802813,0.117353357,0.016711389
11/30/17,0.03828978,0.020278048,0.02292714,0.078719005,0.039396209,0.092239896,0.036361091,0.071669473,0.024489501,0.090185715,0.009405189,-0.008447454,0.005546282,0.038862864,0.003593931,0.036458149,0.061586438,0.003267416,0.016983738,0.098745053,0.043677346,0.042274768,0.023556035,0.08905143,0.020185697,0.025545453,0.063087392,0.10428476,0.113618255,0.008528217
12/29/17,0.018410706,-0.01524586,0.01637487,0.06542653,0.116401147,0.026809575,0.052105258,0.033913986,0.028751468,0.053998421,-0.003572053,0.029438043,0.00279917,0.023153588,0.00240334,0.000872207,-0.031956918,0.026752932,0.016276839,0.038691557,-0.001103049,0.021002372,0.005912594,-0.03379055,0.050391177,0.012700899,0.040086612,-0.001924259,0.020985657,0.004202134
1/31/18,0.057856594,-0.010636365,0.004437715,0.201620785,0.037793711,0.092685391,0.001278195,0.010789696,0.051538916,0.059990436,0.067005539,0.042894282,-0.010950451,0.087269126,0.037271225,-0.005693661,0.064281805,0.052958948,0.110708175,0.090647569,0.022639402,-0.053136515,0.105278611,0.074027083,0.081837471,0.089545753,0.033172899,0.036353697,0.079493565,0.043759106
2/28/18,-0.042838146,0.068185071,-0.019014009,0.02716916,-0.050067486,0.077997024,-0.098251988,-0.050703925,-0.015760128,-0.092732627,-0.038703263,0.030835092,-0.054116155,-0.001469754,-0.091826091,-0.072467616,-0.054296601,-0.084894423,-0.008415039,-0.017443701,-0.010626766,-0.090572084,-0.072838633,-0.044851793,-0.018270156,-0.008661083,-0.117070335,-0.079246808,-0.155628452,-0.123545284
3/29/18,-0.037000378,-0.058050865,-0.043380246,-0.094779113,-0.046886098,-0.042206403,0.018942107,-0.026366853,-0.042102462,-0.016533232,-0.015401395,0.056603866,-0.013320132,-0.04787881,0.013729175,-0.008621808,-0.067895231,0.013395749,-0.026661057,-0.005803716,-0.022583271,0.009679157,0.004198792,-0.050634411,-0.066201543,-0.027004907,0.001675788,-0.049644238,-0.00566117,-0.014919591
4/30/18,0.002491007,-0.015019674,0.062615034,0.017323337,-0.015559578,0.04094314,0.097071227,-0.001095145,-0.05372035,0.036804391,-0.055204249,-0.008832667,-0.012953469,-0.00580499,-0.005065548,0.070725351,-0.114476901,0.080778387,0.024652066,0.029349887,0.031558208,-0.079091993,-0.052282868,0.104672881,-0.045064365,0.060691935,0.044979958,0.014968517,-0.005732293,0.042085577
5/31/18,0.010457637,0.135123863,-0.00455685,0.061028667,0.052299728,-0.035674106,0.002189312,-0.008571741,-0.048886966,0.015121441,-0.014358064,0.075524621,-0.047298867,-0.016271307,-0.004859944,-0.044374132,0.021548899,0.011211253,0.061467286,0.049861043,-0.008993787,0.011473656,-0.02340416,0.021616001,0.044728791,0.0319206,-0.034042414,-0.055350795,-0.061044569,0.055478293
6/29/18,-0.005915409,-0.009418238,-0.00305189,-0.047279665,-0.106905366,0.007492403,0.017135941,0.053684533,-0.023507998,0.045832301,-0.011393315,-0.0994564,0.014378741,-0.026259285,0.029084215,-0.014528282,-0.002585773,0.02753405,-0.002326927,0.11284907,0.00974096,0.066830767,-0.042359508,0.019451918,0.001682442,0.013234114,0.05538077,-0.037986772,0.037678732,0.018340878
7/31/18,0.047124551,0.027983342,0.019155866,0.061965405,0.066423853,-0.00953708,-0.001265602,0.092193758,0.076438209,0.01240385,0.037437435,-0.032388101,0.092137896,0.109161911,0.063155377,0.005424518,0.079300689,0.085173115,0.075752907,-0.03476409,0.100606812,0.045532042,0.063756623,0.032118647,0.085659575,0.032389817,0.038336202,0.126624566,0.041798097,-0.014746755
8/31/18,0.021626078,0.200422171,0.064911741,-0.033163571,-0.034422987,0.129581398,-0.052857206,-0.013561192,0.004917526,0.02166414,0.021613861,0.012984052,0.02314825,-0.00321883,-0.044177522,0.03619887,6.47E-05,0.041293375,0.062992835,0.071414151,0.048673496,0.025593511,0.011218668,0.060184699,-0.024580348,0.075843215,0.052865952,0.020349591,0.080541905,-0.006294783
9/28/18,0.01900611,-0.008302928,0.004812152,0.084920675,0.098235481,0.018421652,0.032247253,0.043920828,-0.057062333,0.031777645,0.032291368,-0.023539144,0.025837061,-0.01518581,0.045162466,0.03119032,-0.000995642,0.041318396,0.018160717,0.03065711,0.061416151,0.003375481,-0.008603367,-0.00567057,0.061579332,0.021784815,-0.018024614,0.063302376,-0.020342035,0.060496301
10/31/18,-0.05074212,-0.030477489,-0.031826691,-0.045818837,-0.199336398,-0.053251615,-0.086931622,-0.01804345,0.005039101,-0.150953309,-0.236624664,-0.008669939,0.013172184,-0.027087686,0.036588015,0.057445026,-0.09705285,0.037637411,-0.066101278,-0.114258832,-0.022918049,0.074898807,-0.035309709,-0.01762892,-0.111579982,-0.081550957,0.081140482,0.094238673,0.067830652,-0.062808713
11/30/18,0.016830117,-0.181197627,0.092864668,-0.01831332,0.118282347,0.046338715,0.075704572,0.005747612,-0.150453778,0.03137715,0.090294803,0.05845401,0.056043136,0.019904724,0.060955383,0.07220212,0.100283217,0.077842535,0.042683894,0.004037545,0.08190305,0.065741977,0.041876594,0.080004024,-0.013454751,0.029847249,0.056227001,0.067159052,-0.026226463,0.007855294
12/31/18,-0.086575303,-0.116698275,-0.150975261,-0.069962017,-0.063389227,-0.094840174,-0.085337193,-0.04320262,-0.123970851,-0.047138326,-0.085298179,-0.048266174,-0.121511196,-0.122043249,-0.060515924,-0.058034001,-0.083589847,-0.030178533,-0.084047343,-0.013045915,-0.055807997,-0.027404541,-0.07578599,-0.114586308,-0.126066904,-0.068943683,-0.067661688,-0.19298451,-0.04087744,-0.142264063
1/31/19,0.07168414,0.055153815,0.081832901,0.195720809,0.054668084,0.099842185,0.053865198,0.017054242,0.185333742,0.068152551,0.182546001,0.004048674,0.031228262,0.068843555,0.016473053,0.006814183,0.05122284,-0.025912804,0.028157951,0.104397062,-0.01899794,0.057802684,0.048350742,0.084617918,0.108846663,0.023268075,-0.010420457,0.057514977,0.028770779,0.074644156
2/28/19,0.036653687,0.044776641,0.049074968,0.146647728,0.03139069,0.094734654,0.053485113,0.011836435,-0.002604255,0.008772517,0.039573008,0.131063016,0.03356045,0.008309122,-0.057967967,0.034849806,0.042555452,0.092167189,0.077357546,0.047020009,0.021201512,0.021561118,0.058706546,-0.103552897,0.070693596,0.099018806,0.033781332,-0.008786139,0.032975113,0.090439536
3/29/19,0.000489261,0.097025709,0.014479365,-0.133057447,-0.013470255,0.042881955,0.030105414,-0.016040414,-0.023944974,0.04417671,0.021501494,0.013973026,0.023053094,-0.029992212,0.042546999,0.032963346,0.001880406,0.030069888,0.052753761,-0.015202904,-0.020299877,0.05580927,0.038055298,0.024703761,0.025622712,0.054482808,0.038826462,-0.111251633,-0.009447659,0.0223966
4/30/19,0.025617597,0.056435895,0.076349495,-0.00977933,0.035243126,0.042864284,-0.025328861,0.23363054,0.072555727,0.061545724,-0.005882415,-0.049534564,0.010086654,0.15517132,0.046948372,0.040389862,-0.087929414,-0.053625008,0.107342732,0.042987876,-0.043795612,0.030577504,0.04804608,-0.057388998,0.106447274,0.052756179,-0.022852607,-0.153311126,0.054444806,-0.006435682
5/31/19,-0.066855078,-0.124212882,-0.021496191,-0.090331787,-0.140654133,-0.070062645,-0.042394253,-0.035993329,-0.109787603,-0.06799208,-0.08392067,-0.131863044,-0.064820127,-0.086945229,0.001426753,0.009419894,-0.149824075,0.006352362,-0.049480772,-0.119267843,0.031476259,-0.033527423,0.012660914,0.037456606,-0.109482503,-0.017343735,-0.049659014,-0.071177764,-0.008373508,-0.108355848
6/28/19,0.071929037,0.130519092,0.076104933,0.065571774,0.13755111,0.051893254,0.093017206,0.05755831,0.12115718,0.10312745,0.085912269,0.086966384,0.061990057,0.055115132,0.04452476,0.0473597,0.085070336,0.065648368,0.083117827,0.088281092,0.043352485,0.065494064,0.032818674,0.013608594,0.030878743,0.075745246,0.051150084,0.108025943,0.089215259,0.08280353
7/31/19,0.009936428,0.076394617,0.010684773,-0.062718053,-0.026464529,0.018630012,-0.010687922,0.030475878,0.075904243,0.027504021,0.074981976,0.05598489,-0.065048824,0.044912609,0.033582091,0.014735592,0.007961324,-0.010256228,0.017243903,0.024776556,-0.103416442,0.083486783,-0.01939545,0.020491045,0.026113776,0.025641059,-0.022382672,-0.003292432,-0.000995544,-0.029622903
8/30/19,-0.017159977,-0.016461262,-0.032162073,0.073808392,-0.096225398,-0.155054146,-0.033952189,-0.04020701,-0.067870111,0.066544908,-0.074966944,-0.055784392,-0.006897257,-0.052930992,0.045791351,0.039875418,-0.065935202,0.04193266,0.01503685,-0.015247046,-0.076143496,0.018553062,0.002318907,-0.060278759,-0.01935095,0.017308456,0.052288789,-0.051960166,0.040246802,-0.067623968
9/30/19,0.019450265,0.072961536,-0.017363118,0.044988832,0.061428575,0.055543667,0.007475346,-0.050560963,0.016281633,0.024250218,0.072972757,0.086901512,0.007946383,0.071272519,-0.003669527,-0.014956208,0.016571826,-0.020013397,0.00848676,0.11147932,0.010689229,0.034517119,0.017229374,-0.066902405,0.048218586,-0.048722566,0.037826702,0.080484561,0.038683662,0.031103933
10/31/19,0.004807416,0.110684449,-0.004662272,-0.106604942,0.099541953,-0.031170994,-0.02074198,-0.003069339,0.029677248,0.011033531,-0.080387836,0.097030879,0.020559552,0.069935355,-0.000183734,-0.083880587,0.003588873,0.029460714,0.031216225,-0.046528934,0.067909827,0.007438891,-0.118568771,0.162801416,0.051714086,0.039823381,0.012246581,-0.009582372,-0.011964892,-0.043053452
11/29/19,0.037165241,0.077554175,0.024215635,0.083572,0.050290167,-0.04630594,0.018461591,0.166718005,0.043200056,-0.059979589,0.017258591,0.032540024,0.048489701,0.054755009,-0.01159501,-0.004949962,0.037879763,0.006000414,0.059462387,0.04672185,0.013611592,-0.019677135,0.043186336,0.107518702,0.038297811,0.0333168,-0.003803538,0.096093094,0.015606295,0.020447438
12/31/19,0.017362025,0.098783792,0.036380212,-0.110382797,0.020382828,0.058485985,0.028856886,-0.040133833,0.038762089,-0.003325348,-0.003049566,0.031007698,0.060949788,0.0579842,0.036516794,0.016094279,0.03917062,0.050397337,0.041749216,0.083645304,0.017133897,0.02326723,0.007770944,0.054454712,0.00957267,0.018372926,0.019256304,-0.010738243,0.002376742,0.02421854
1/31/20,-0.009895781,0.054009983,0.046832155,-0.022992508,-0.104338065,-0.034446544,-0.110945152,-0.043697758,0.034010352,0.044509616,0.072291957,0.068170481,0.020566236,-0.044406452,0.055103942,0.082789311,-0.100668861,-0.060582705,0.07945463,-0.049452115,-0.039805748,0.003685342,-0.038919262,-0.073236242,0.002938008,0.058914375,-0.021847072,-0.13755089,-0.036603812,-0.109773626
2/12/20,0.045844751,0.059663801,0.025949104,0.091683269,0.062733077,0.086143113,0.045734555,0.025594737,0.003785491,0.059140652,0.091851175,0.060413183,0.014912337,0.042611053,0.017294481,0.016310679,0.03239632,-0.025632042,0.085061448,0.069574187,0.013426422,-0.009388589,0.03107435,0.113892372,0.033155749,0.042569218,-0.020356646,0.071189815,0.011878724,0.000476823